1.385852578385484257e+00,6.918012832983979621e-01,2.470279941063353135e+00,3.177013406400375217e+00,1.234487847807646810e-01,1.945343440029249749e+00,6.146331108259840414e-01,8.421187846279021283e-01,2.997628282110900599e+00,2.192040836576904184e+00,2.595832240103576716e+00,1.816260508516117644e+00,4.839111328125000000e+01
1.385277426167423886e+00,6.923508056359641838e-01,2.480045793807645893e+00,3.176283518474451562e+00,1.204237531278082307e-01,1.946834440760229157e+00,6.171682544604946141e-01,8.384364298557696049e-01,3.033495147195353958e+00,2.393295708066342620e+00,2.623676327665783514e+00,1.920355700275647060e+00,4.763686370849609375e+01
1.385862078257027896e+00,6.915607492478670348e-01,2.484096234322769714e+00,3.176626844284065498e+00,1.286046736907650589e-01,1.946430974097190347e+00,6.092504115680301702e-01,8.329939613087797845e-01,3.084480143216540959e+00,2.401530997866166750e+00,2.644794779872111867e+00,1.989103980789943105e+00,4.736595153808593750e+01
1.385841315079515468e+00,6.912575082822901562e-01,2.485280946704565341e+00,3.173320278150883134e+00,1.236256648037184491e-01,1.944947632107275837e+00,6.156883033380360359e-01,8.434795753909271054e-01,3.132837447623662896e+00,2.552123117029607258e+00,2.742883222616224970e+00,2.092569821748252679e+00,4.703921890258789062e+01
1.386187056660427741e+00,6.916148869290803525e-01,2.484863876909635394e+00,3.177077957171913880e+00,1.233105059899842482e-01,1.946342126856126953e+00,6.164980927305594438e-01,8.391144598650936981e-01,3.172379507664142118e+00,2.622380668896359346e+00,2.778633473668368659e+00,2.138861924625984567e+00,4.688173294067382812e+01
1.386274948602438162e+00,6.907280286156396443e-01,2.484052578269294820e+00,3.177128689562391362e+00,1.275487802883188693e-01,1.945131321177844486e+00,6.135976821543074333e-01,8.356059325854321429e-01,3.145276333583403527e+00,2.692906382062569826e+00,2.828312475208121679e+00,2.204939906349379974e+00,4.692729187011718750e+01
1.385228370308984047e+00,6.923290196081185455e-01,2.485170445922970650e+00,3.177416449871032889e+00,1.257848455337805260e-01,1.946095737698827932e+00,6.171495884227772288e-01,8.413394955956318144e-01,3.095140854073121339e+00,2.630326417260057781e+00,2.901610488951451572e+00,2.228139530970252302e+00,4.677116012573242188e+01
1.386648306348605919e+00,6.915460073846163569e-01,2.484950749435263617e+00,3.173986483677206039e+00,1.194409528339801935e-01,1.944818184444710774e+00,6.135344760584031665e-01,8.362235114274523262e-01,3.177153473279744844e+00,2.709052543949850289e+00,2.895938933961492712e+00,2.211859706635299183e+00,4.682641220092773438e+01
1.385952892951436199e+00,6.899709256092706466e-01,2.484526832270022467e+00,3.173338546191204479e+00,1.271617338475035663e-01,1.946157730751230330e+00,6.194800987064512654e-01,8.342064586949382576e-01,3.166129172532827329e+00,2.685921492533730692e+00,2.917391643476717089e+00,2.215427495384572065e+00,4.690745925903320312e+01
1.386543567062666460e+00,6.905093289505153109e-01,2.484598190881306401e+00,3.173900956962807385e+00,1.370068348681015014e-01,1.944660444286516299e+00,6.198858001893043923e-01,8.350558095511382284e-01,3.195260771069337480e+00,2.668588181899800738e+00,3.004473592237429713e+00,2.238599183434871520e+00,4.698250961303710938e+01
1.385884262632767872e+00,6.929131446512323267e-01,2.485256242671999516e+00,3.172188948905668937e+00,1.252075251329131389e-01,1.945368070919507808e+00,6.192545315365547420e-01,8.370908023334745485e-01,3.184128527479354709e+00,2.662020318992075474e+00,2.973615973904359944e+00,2.239844008501988171e+00,4.710316467285156250e+01
1.385284591503410434e+00,6.914701014447401928e-01,2.482800821696367510e+00,3.170593167517258948e+00,1.277828371531401497e-01,1.944673526860211332e+00,6.132236506460300163e-01,8.393717341539785881e-01,3.202356951412133057e+00,2.660719285277322044e+00,2.956910392341466132e+00,2.228916647812404506e+00,4.718350219726562500e+01
1.385981380682028474e+00,6.910326703180096342e-01,2.484543105074183522e+00,3.174471194125130680e+00,1.296363686380986313e-01,1.945180301093406561e+00,6.168592183042247434e-01,8.425655580857911442e-01,3.177786473551809987e+00,2.540666014466902212e+00,3.008032563158803185e+00,2.268267142837456785e+00,4.735195922851562500e+01
1.386051138574251329e+00,6.923641943423791689e-01,2.485389129702007871e+00,3.172507175364814636e+00,1.248885901765149076e-01,1.945185110300208020e+00,6.130500890069695563e-01,8.315772355935289184e-01,3.190273404028172610e+00,2.547906214350292853e+00,2.935418014706049128e+00,2.260376837469056710e+00,4.750789642333984375e+01
1.385675041983366551e+00,6.911327898320009933e-01,2.484981295975027482e+00,3.166488826504873177e+00,1.253071493263616665e-01,1.944935392279687925e+00,6.146052080876804879e-01,8.390014518314481418e-01,3.174040284189780792e+00,2.458514591830904372e+00,2.954388980621144078e+00,2.238379003016277569e+00,4.753371047973632812e+01
1.385863348325668376e+00,6.919069848754180185e-01,2.484861436708289961e+00,3.166744541097375354e+00,1.249669363150903434e-01,1.944286689758780273e+00,6.123352379235330600e-01,8.363050035761478984e-01,3.106952238149703671e+00,2.458409326059771693e+00,2.876191553098125908e+00,2.224157343945480036e+00,4.771828079223632812e+01
1.386224031720488359e+00,6.918228711200209435e-01,2.481688891225733329e+00,3.174024014002445160e+00,1.292162652529690869e-01,1.942076791047321560e+00,6.180576836771836113e-01,8.317157783510437108e-01,3.106320747414507366e+00,2.427107933904483872e+00,2.900979623380117722e+00,2.208624736395943700e+00,4.782164764404296875e+01
1.385986435665141681e+00,6.924018678067578314e-01,2.483797372470541553e+00,3.170565791577687698e+00,1.294378921000345628e-01,1.945163212962329968e+00,6.171143898386375337e-01,8.333754053069866163e-01,3.169742966936050621e+00,2.385361716527028442e+00,2.909516983838995596e+00,2.183000061657691226e+00,4.812706375122070312e+01
1.385573052773891867e+00,6.913287176032387737e-01,2.481635364362074991e+00,3.170302738751001215e+00,1.281095533864816949e-01,1.944591380752991761e+00,6.155670786083011770e-01,8.362344605241471829e-01,3.129749806482730712e+00,2.328761947425816103e+00,2.847590383741632536e+00,2.175939372677598183e+00,4.831711959838867188e+01
1.386000507755020372e+00,6.915309149026802604e-01,2.482610276781042735e+00,3.174132490687823438e+00,1.360985943377596152e-01,1.939893743552530747e+00,6.178478301132661610e-01,8.353220308755682222e-01,3.142707489813959754e+00,2.253682715002268910e+00,2.811100503845580967e+00,2.140250310821102175e+00,4.842583847045898438e+01
1.384035972935618197e+00,6.919502193648010557e-01,2.484104342061866255e+00,3.170276207514669320e+00,1.272194655387449969e-01,1.940443494030248850e+00,6.147706297697832500e-01,8.376619669993272677e-01,3.074036770341945335e+00,2.245095598898465550e+00,2.790565992915265969e+00,2.132613798059317389e+00,4.857536697387695312e+01
1.385911958558921020e+00,6.909395650370067088e-01,2.481804517844079072e+00,3.169451817118975612e+00,1.333337074326131355e-01,1.942229627831629113e+00,6.070273747668251119e-01,8.407726782495009710e-01,3.092991111059903542e+00,2.143872473673456014e+00,2.796412029822209711e+00,2.077860281112881680e+00,4.881331253051757812e+01
1.385576861723540887e+00,6.914101115896238436e-01,2.478029258420112679e+00,3.169325153078571766e+00,1.307866518113464660e-01,1.943328715580827204e+00,6.181708423128414731e-01,8.348424227504498418e-01,3.094886791202433152e+00,2.094019333362219459e+00,2.774023049785811157e+00,2.107402133624241891e+00,4.914052200317382812e+01
1.385238191908167771e+00,6.919363572740695467e-01,2.479374932941293963e+00,3.162144651597385003e+00,1.269018926342305453e-01,1.937699440426200237e+00,6.180025422608292907e-01,8.428091179568941715e-01,3.139651585811000345e+00,2.107908895892093071e+00,2.787703397128400873e+00,2.069527524514390038e+00,4.927286911010742188e+01
1.384801956295876213e+00,6.922971663113026697e-01,2.479378521072901798e+00,3.152174742068226898e+00,1.183205650140635168e-01,1.938242325211466888e+00,6.152685734527819639e-01,8.394695319023769420e-01,3.108089157583558748e+00,1.977687583951365013e+00,2.753186703857535278e+00,2.076595385058098042e+00,4.955083465576171875e+01
1.385358885432831144e+00,6.920985945461086697e-01,2.477443868472105848e+00,3.168127517776727409e+00,1.241906641056594179e-01,1.934269038421567721e+00,6.129084701442137906e-01,8.410742026508353231e-01,2.962399267030745520e+00,1.917931785159953550e+00,2.773555176655265075e+00,1.980422124970790954e+00,4.979253005981445312e+01
1.381450609011024788e+00,6.918997537977505941e-01,2.476177983346791844e+00,3.156956431795717499e+00,1.244323047942241661e-01,1.934298255459651283e+00,6.142470442819691900e-01,8.381539211423219005e-01,3.025774504040713797e+00,1.933650762902020315e+00,2.703344508918951838e+00,1.975327415015092569e+00,4.998652648925781250e+01
1.381918595883900203e+00,6.925388363821569637e-01,2.465767391001379316e+00,3.166772622726580888e+00,1.303849188017716931e-01,1.923010462231291573e+00,6.132892632807864786e-01,8.403295044101263267e-01,3.063361542344715804e+00,1.870134673293346150e+00,2.627288748419403408e+00,1.913283389424141445e+00,5.008881378173828125e+01
1.378843225882899537e+00,6.923553584117957405e-01,2.468075239112989649e+00,3.155140312324986596e+00,1.216277890634989700e-01,1.929368208738791335e+00,6.129136159488326463e-01,8.375150639333952540e-01,2.957541138620100263e+00,1.723950718822469419e+00,2.691205517669189362e+00,1.873554859013800478e+00,5.043038177490234375e+01
1.381105444963061313e+00,6.909243235773329106e-01,2.460564288946455846e+00,3.161189917217352541e+00,1.278592549390340505e-01,1.930690842179524136e+00,6.116746386314213524e-01,8.266606132368208293e-01,3.020678003747719664e+00,1.640071419752976656e+00,2.677360704819538917e+00,1.884070773708894642e+00,5.066828918457031250e+01
1.374456564618016685e+00,6.914958413287407568e-01,2.449336335384090901e+00,3.161167358839777286e+00,1.190932240971986911e-01,1.920193477213053779e+00,6.165418785870986351e-01,8.363781364802304052e-01,2.979318556441343802e+00,1.662477269051418460e+00,2.646205028792884661e+00,1.863202466871414220e+00,5.089780044555664062e+01
1.373865239860053045e+00,6.924047908024273390e-01,2.433148528638270136e+00,3.153396510002510311e+00,1.306542111669473094e-01,1.920846087787299483e+00,6.157246568767634765e-01,8.397722225487684877e-01,2.966147623575968950e+00,1.576477766289681615e+00,2.591058517383309390e+00,1.765241817576526540e+00,5.105284881591796875e+01
1.368203706511244455e+00,6.920388106288726249e-01,2.442981035210566976e+00,3.150461984450589448e+00,1.275528413679694051e-01,1.901364913348404961e+00,6.107638593999963339e-01,8.296348208961338289e-01,2.885893883985691133e+00,1.498122626476956931e+00,2.547296598970018700e+00,1.787286752512323718e+00,5.140153884887695312e+01
1.364958947597243233e+00,6.911649432879993782e-01,2.425699744885721820e+00,3.148651243372919240e+00,1.244848483009494411e-01,1.910247276008339767e+00,6.152489265392850903e-01,8.346070653963012509e-01,2.841439372610600866e+00,1.477185832440873536e+00,2.507502450997094456e+00,1.698578269665742546e+00,5.163247299194335938e+01
1.348822247119199957e+00,6.907310768451641048e-01,2.412777840864288592e+00,3.132541812638032663e+00,1.227036037361928511e-01,1.893980122494597795e+00,6.169917286739901030e-01,8.235292331112545883e-01,2.844580770440899187e+00,1.448417070916131255e+00,2.423782407061463751e+00,1.653722753032242476e+00,5.191243743896484375e+01
1.345514127627295498e+00,6.925556751965984414e-01,2.416409422639613780e+00,3.138461024453817139e+00,1.261710364738145573e-01,1.895167834314538613e+00,6.100289014059685488e-01,8.290904301280670463e-01,2.771021679176596919e+00,1.422015368835529703e+00,2.423428350523972430e+00,1.560105330794180123e+00,5.236219024658203125e+01
1.328709548299389587e+00,6.908130370589853353e-01,2.388060416201191138e+00,3.125664821448172148e+00,1.200047965193268285e-01,1.870233730733970923e+00,6.129652529279923101e-01,8.233940866962572436e-01,2.790703942461610687e+00,1.369093637502463601e+00,2.388638988495531024e+00,1.570518750321175716e+00,5.260158157348632812e+01
1.346218470384629828e+00,6.908169608538343720e-01,2.391821543405906692e+00,3.131580004235637649e+00,1.208835911683565634e-01,1.884991851101276428e+00,6.073802342455763004e-01,8.184147173237188433e-01,2.724140732488729455e+00,1.250444129694193940e+00,2.367537816891580604e+00,1.507612154335212340e+00,5.308703994750976562e+01
1.347535877171138097e+00,6.907632743813880705e-01,2.343545690041341167e+00,3.131658851706959013e+00,1.295250156687423604e-01,1.850676772489928013e+00,6.128729314963798913e-01,8.197759289004531436e-01,2.761928562981372348e+00,1.222773571119974534e+00,2.292913667507778364e+00,1.502833963724410360e+00,5.346499633789062500e+01
1.316741311919315205e+00,6.917424386562989191e-01,2.339612744157506086e+00,3.117171427689682695e+00,1.279233808906048986e-01,1.834996132033283045e+00,6.099186688179948357e-01,8.132191850277821210e-01,2.664616187123681534e+00,1.195001019295294231e+00,2.252361430248416507e+00,1.394959739840774482e+00,5.384072113037109375e+01
1.307543544227983912e+00,6.918701618700433542e-01,2.330300584786893836e+00,3.114825528636001373e+00,1.234313421400402011e-01,1.827095852869473402e+00,6.135822344094389313e-01,8.097570324235088268e-01,2.684665171850186383e+00,1.167086606333246790e+00,2.295438600212194924e+00,1.410677107478415016e+00,5.404442977905273438e+01
1.294147134128843524e+00,6.911290148018564006e-01,2.302867939149159771e+00,3.111767806079402732e+00,1.253041470760527520e-01,1.844404600742215461e+00,6.213222771509111508e-01,8.102341453222726697e-01,2.627961905993325242e+00,1.120672187731822422e+00,2.165835152086376336e+00,1.350689633097631681e+00,5.435846710205078125e+01
1.301814528681006333e+00,6.923081242252304701e-01,2.263707281864058452e+00,3.113313260614595457e+00,1.389946832604442573e-01,1.813099279446433787e+00,6.192887245000349150e-01,7.751136435118928247e-01,2.644141654011586517e+00,1.054262251298414110e+00,2.177330124126124034e+00,1.219216750469207300e+00,5.483030319213867188e+01
1.278221684385201229e+00,6.918965599361994734e-01,2.189340578843754770e+00,3.109128605935525869e+00,1.285355398978916819e-01,1.780223107893877721e+00,6.152493899372259989e-01,7.676922491178084229e-01,2.569527966953891518e+00,9.264409138597272664e-01,2.049064660422730721e+00,1.211267854680933898e+00,5.527166748046875000e+01
1.248322608412949286e+00,6.918772682749523284e-01,2.174227927888049194e+00,3.079721575209345197e+00,1.290672150398115559e-01,1.758678886157426957e+00,6.107103538408918952e-01,7.842928911750467469e-01,2.589423869475569351e+00,9.119692187472141498e-01,2.040701537745100325e+00,1.143605834882122529e+00,5.563620376586914062e+01
1.227556279050335375e+00,6.916921043111068368e-01,2.147493573039410020e+00,3.076162424900521497e+00,1.229099792152152371e-01,1.738891375729829214e+00,6.180606117428913970e-01,7.290403988977330885e-01,2.455798446978009864e+00,8.392819871489856087e-01,2.031392694033324453e+00,1.092152524552171267e+00,5.607111740112304688e+01
1.224132708851778384e+00,6.907256930097406267e-01,2.087435598620470678e+00,3.081175020366695883e+00,1.300924970887204490e-01,1.740158787457976253e+00,6.131552856750104308e-01,7.978111626716720695e-01,2.432516905651420203e+00,8.877679250786900678e-01,1.986493475404350839e+00,1.062569807307627734e+00,5.672136306762695312e+01
1.212284645112177373e+00,6.913255396181419155e-01,2.088520573568591665e+00,3.059029441498440249e+00,1.337260604216747306e-01,1.655882338727502123e+00,6.077635789875408534e-01,7.129810201183346408e-01,2.370643728673420547e+00,7.734039363522338117e-01,1.910094792464607893e+00,9.746680812667193328e-01,5.705152893066406250e+01
1.180547429306781471e+00,6.906761969930448331e-01,2.046279058182416399e+00,3.051182684092442532e+00,1.254631711168675001e-01,1.655133207299247289e+00,6.130124389207658453e-01,7.108563138245955759e-01,2.433162216166344649e+00,7.467644037624338038e-01,1.811195506652802489e+00,9.505218966503468092e-01,5.749917602539062500e+01
1.179218377880417723e+00,6.920277224781774539e-01,1.928229176994729732e+00,3.054358306455319472e+00,1.214184703372631347e-01,1.622454742976929376e+00,6.132868967840332530e-01,6.922805312262823030e-01,2.320614402357486394e+00,6.661735340159740115e-01,1.763264167869242005e+00,8.333449793418672424e-01,5.808203125000000000e+01
1.158586830178947036e+00,6.925351719618257906e-01,1.936506602162786805e+00,3.034754945148990579e+00,1.300873469657697346e-01,1.554140513572500826e+00,6.157931901986316570e-01,6.788744125419068354e-01,2.311676737443820961e+00,5.809881963539109684e-01,1.665093774587422804e+00,7.925139954252329311e-01,5.886666870117187500e+01
1.131875443537889492e+00,6.917790962387034837e-01,1.838393773103369266e+00,3.010103329625097857e+00,1.268376087810584307e-01,1.479061631619976502e+00,6.174274067332374827e-01,6.960237968218198068e-01,2.271186233254725462e+00,5.577522286609105651e-01,1.629232860110509051e+00,7.261321056010110464e-01,5.936706161499023438e+01
1.124893119372814887e+00,6.925835833784625972e-01,1.827394442400030794e+00,2.991386120103141089e+00,1.336010754315882509e-01,1.452156000960918902e+00,6.135144231659700464e-01,6.525931583694838389e-01,2.177671513171781648e+00,5.005388720730448160e-01,1.607776397036132288e+00,6.930564139831697501e-01,5.978456497192382812e+01
1.113992490316355166e+00,6.916658341902761631e-01,1.827681592235268271e+00,2.986189778435091036e+00,1.253905065768110283e-01,1.398619513927339852e+00,6.151983345321612173e-01,6.899797610395183023e-01,2.165935616918330808e+00,4.966961547165812951e-01,1.575258736035793472e+00,6.929196147522662663e-01,6.045476531982421875e+01
1.067803590120254498e+00,6.915056383613207291e-01,1.756612743762171469e+00,2.964025456221444976e+00,1.322023590025069861e-01,1.397293985719223031e+00,6.119392822196197956e-01,5.891696893161009196e-01,2.179897358732478807e+00,4.480324873992144186e-01,1.552632199040477445e+00,6.140128171499423804e-01,6.102474212646484375e+01
1.041601805854770246e+00,6.922222633491630361e-01,1.611029366986568512e+00,2.943076709664913082e+00,1.320649698726015231e-01,1.273347197677871634e+00,6.143503033077000186e-01,6.102105010396381424e-01,2.151213429256777943e+00,3.673081677082581931e-01,1.420899109833664520e+00,5.148401044326134102e-01,6.162643814086914062e+01
1.042760391594953262e+00,6.906453115591542069e-01,1.536458126705966487e+00,2.926279349730117385e+00,1.280769537167895655e-01,1.262015239520712928e+00,6.181834265994673450e-01,5.470100881338809673e-01,2.043434846896680313e+00,3.232013896771102068e-01,1.396094741812251794e+00,4.925152936775752943e-01,6.209962844848632812e+01
1.032277762913738961e+00,6.915875871687295895e-01,1.442221929616674947e+00,2.962893942713966666e+00,1.216708338401598644e-01,1.101872051712375677e+00,6.100065777390941690e-01,5.525221362186776286e-01,2.020988232333413848e+00,2.869421829568259419e-01,1.411091013150249651e+00,4.748955950978139828e-01,6.281567001342773438e+01
1.016868996866010066e+00,6.910437552461937694e-01,1.420415727924532412e+00,2.919645014777020986e+00,1.213304509202898507e-01,1.165058712369028804e+00,6.171091270221926717e-01,5.001498229070000523e-01,2.065701259482312757e+00,2.666593425929986161e-01,1.351919556677058987e+00,4.075169439264115789e-01,6.352964019775390625e+01
9.990039718605734365e-01,6.928340681315858784e-01,1.409041768866780231e+00,2.897674520479096127e+00,1.311798412337271125e-01,1.081759763626560567e+00,6.121940676973531836e-01,4.883638178324716250e-01,1.986456149072613808e+00,2.105076573290077802e-01,1.332570082610702533e+00,3.557562093278059390e-01,6.420321655273437500e+01
9.971390818708680825e-01,6.925584969451985540e-01,1.337781599650712305e+00,2.873738213681315656e+00,1.184434151795745460e-01,1.048302001058953437e+00,6.153003947537405427e-01,5.077914749046639198e-01,1.874005858272095537e+00,1.758483777922202340e-01,1.252847201410253852e+00,2.931302087230210351e-01,6.492698669433593750e+01
9.712933437182047491e-01,6.919972086531323008e-01,1.232575814146007698e+00,2.873909009325984698e+00,1.248445437553735993e-01,9.443025914367058071e-01,6.139278519687181301e-01,4.428697869108725316e-01,1.929382032242557887e+00,1.365181428990767665e-01,1.206367301206619391e+00,2.550935737088653732e-01,6.566401672363281250e+01
9.442979039820068587e-01,6.916002478248163277e-01,1.242923694962045023e+00,2.850247504796938447e+00,1.300872310444960434e-01,8.717727559204259125e-01,6.203876488327020322e-01,4.366385279295725286e-01,1.926958951874418124e+00,1.235450869171390575e-01,1.176315848501178429e+00,2.319374628556678808e-01,6.650198364257812500e+01
9.273527254133857589e-01,6.904150837056446388e-01,1.097286048502933431e+00,2.862918139763561243e+00,1.210182595999372418e-01,8.776831502362807402e-01,6.118824183646041082e-01,4.489270772492104378e-01,1.836828955317268530e+00,1.025542430646570052e-01,1.104829770099780228e+00,2.106935750861329004e-01,6.731647491455078125e+01
9.014410998881650094e-01,6.916958476371404263e-01,1.050975007707147801e+00,2.838923284836293970e+00,1.235129185465136115e-01,8.393165700028362153e-01,6.153070747732267698e-01,4.118266113609059809e-01,1.727645690156895508e+00,7.791201830043899268e-02,1.168944269123499913e+00,1.742098741762905245e-01,6.796173095703125000e+01
8.811572005634746851e-01,6.925064900817023972e-01,1.020893883679893976e+00,2.829597491006691889e+00,1.286755056083678239e-01,7.889207815959864423e-01,6.142774389597664975e-01,4.152586439904922821e-01,1.724962678469102784e+00,6.849533913796526652e-02,1.070085600262278724e+00,1.417264869569448416e-01,6.889715576171875000e+01
8.516029936058875371e-01,6.908021970674014245e-01,9.818540777650669460e-01,2.817801872354056769e+00,1.164223840868507942e-01,7.361487905832065914e-01,6.143981570015160099e-01,3.882494341060234166e-01,1.648092984447235176e+00,5.690307536176612141e-02,1.080473713538976366e+00,1.446987447101617252e-01,6.980396270751953125e+01
8.364510002474965233e-01,6.918070417527546478e-01,9.277289956784728897e-01,2.807338890700652900e+00,1.240673003780234374e-01,6.729605609305761016e-01,6.143156029153125086e-01,3.795180535405745514e-01,1.706610987121652379e+00,3.899159846566556398e-02,1.032391331627841469e+00,1.170414136312945552e-01,7.054168701171875000e+01
8.336296161168903485e-01,6.913298066780591000e-01,8.563123609212869303e-01,2.784415091600549896e+00,1.244538368884862967e-01,6.251816507091871866e-01,6.136202231196208334e-01,3.621848957454233409e-01,1.645905985772552871e+00,3.875903836481092712e-02,9.548291499969288054e-01,1.119964713396894018e-01,7.158096313476562500e+01
7.907802183181720235e-01,6.907356187293481886e-01,7.671961493388699260e-01,2.745062357151906607e+00,1.174968515202542141e-01,5.969482821778672177e-01,6.152965417474294263e-01,3.765582499479518397e-01,1.581718610249759349e+00,2.169194368840229870e-02,9.010524856639519076e-01,8.791826915411748988e-02,7.280905914306640625e+01
7.525245330769529950e-01,6.905286250425022310e-01,6.754745696836104152e-01,2.728449806462167171e+00,1.116742795700654267e-01,5.764250408301639927e-01,6.104373602162402879e-01,3.310383542190539763e-01,1.549231333557623991e+00,2.574676645052342144e-02,8.870178448549560501e-01,6.287161001888803835e-02,7.372425842285156250e+01
7.174250618648390088e-01,6.899275129331106093e-01,6.537863280008933131e-01,2.728838087500682796e+00,1.151359451197326300e-01,5.224936060404812288e-01,6.090074637031213101e-01,3.302421167843396788e-01,1.499977027567278132e+00,1.453838080883399636e-02,9.157613069637106085e-01,5.304168814913513830e-02,7.476162719726562500e+01
7.411586579130611252e-01,6.880349561285554749e-01,5.610440177961357744e-01,2.699050559185494080e+00,1.100259010122491554e-01,5.001085127818123421e-01,6.137824646914520343e-01,3.113513605225683989e-01,1.449368495014093483e+00,1.628667013372104427e-02,8.260736562384980441e-01,4.459829492278562929e-02,7.585855102539062500e+01
7.118274227594354464e-01,6.867087678885368529e-01,5.403048860983002966e-01,2.690079506824012867e+00,1.132585246507646498e-01,4.734556502847999671e-01,6.191563201340857248e-01,3.209071101823078864e-01,1.484542537814553587e+00,8.313292244433528877e-03,7.607647028791879595e-01,3.389725193204481957e-02,7.692693328857421875e+01
6.782375100714967964e-01,6.865267119756297554e-01,4.626486571849853791e-01,2.630860505232032409e+00,1.143920151643804950e-01,3.823813500972441659e-01,6.175453026255532940e-01,3.007504935912174160e-01,1.424811683510021076e+00,8.068922637703951350e-03,7.215337279599636222e-01,2.621471314523082102e-02,7.813713836669921875e+01
6.450445973368748032e-01,6.858911769299886885e-01,3.952050912931601157e-01,2.600554248830946769e+00,9.923741375467612369e-02,3.894353502366948439e-01,6.170774747652167935e-01,2.902059276549600608e-01,1.416006827628319975e+00,9.257101430556285288e-03,7.541496996965412203e-01,1.453020779787393343e-02,7.924584960937500000e+01
6.521707506128426868e-01,6.796951216556127440e-01,3.486805207141674412e-01,2.571238073039009198e+00,8.489577102221809723e-02,3.197398673824882742e-01,6.135854930235348226e-01,3.102468982398689512e-01,1.373330951842217207e+00,5.921110322907468387e-03,6.695963767213409801e-01,9.939139204970418723e-03,8.049003601074218750e+01
6.015901101540872542e-01,6.776788191284706109e-01,2.738123495110109662e-01,2.563789997120485609e+00,8.333366149605042628e-02,3.093779210079294906e-01,6.122324851616660624e-01,2.855157434967318109e-01,1.284034731869655221e+00,6.793705020052092508e-03,6.671630425291341648e-01,1.257464880753162567e-02,8.169598388671875000e+01
6.048912388127987150e-01,6.788182681420154019e-01,2.564709603213187750e-01,2.550013351816179163e+00,8.076470152100589939e-02,2.761526253426948019e-01,6.149710438723288153e-01,2.765610243967305815e-01,1.258234474434007932e+00,4.306651074259430084e-03,5.674415240588486231e-01,7.935659296201049220e-03,8.300117492675781250e+01
5.847704730792209205e-01,6.771067796554641749e-01,1.938834860467429089e-01,2.501622393356370377e+00,8.022947565567525863e-02,2.306147627416599288e-01,6.129297663701431809e-01,2.854392127481957253e-01,1.269366992353646584e+00,2.983818913987003330e-03,5.309411149666390939e-01,7.081498611824343231e-03,8.428429412841796875e+01
5.382855016508530932e-01,6.808794453623249199e-01,1.276389160599871730e-01,2.504070754157151413e+00,6.744647971048986501e-02,1.748668235610612021e-01,6.129725615067334044e-01,2.804815678807850432e-01,1.219232593875492654e+00,3.469862018600799493e-03,4.765683445910408600e-01,4.244428430465243055e-03,8.575286102294921875e+01
5.382614758534157717e-01,6.802317505768284978e-01,9.956847476551211606e-02,2.441651244105208285e+00,5.743241231229707228e-02,1.261204118482018299e-01,6.159237003147047806e-01,2.741426346823233606e-01,1.228760775214706946e+00,2.248690563991010381e-03,4.802045039683353611e-01,3.384995084258185950e-03,8.682882690429687500e+01
5.072642870868998566e-01,6.760279186494081438e-01,8.207327512411793924e-02,2.390919704871195872e+00,5.446986843029548442e-02,9.348630211891173492e-02,6.107599023328693644e-01,2.680497488483357671e-01,1.161661411784079778e+00,2.885939153726269253e-03,4.050194335403597967e-01,1.497533296894974428e-03,8.808870697021484375e+01
5.045610820187660384e-01,6.661467770307207825e-01,4.733032571788266946e-02,2.335388338777036221e+00,3.938525365979138326e-02,6.314877709928778948e-02,6.116250366574395025e-01,2.790243873096405758e-01,1.144875090094447101e+00,1.081861871480578824e-03,3.550532840038829185e-01,1.717338333240768424e-03,8.937938690185546875e+01
4.636121191855947510e-01,6.696696801370995988e-01,3.266868270276152009e-02,2.343967542619050271e+00,2.288079739597752987e-02,4.621612869868751972e-02,6.101396977430437740e-01,2.770158629932144012e-01,1.074913681655748299e+00,1.403473685797446092e-03,3.085207440863773076e-01,1.209523424778977943e-03,9.066092681884765625e+01
4.168802683190704350e-01,6.717685340508223746e-01,2.077629666549400678e-02,2.320580732451719363e+00,1.771803622231794828e-02,2.821383890663535510e-02,6.094339223092919422e-01,2.777816066608030376e-01,1.080628548519063425e+00,2.788255535674939202e-03,3.101188986254477808e-01,6.732644848343014195e-04,9.214869689941406250e+01
3.818877672538750767e-01,6.704376437776119468e-01,1.273947814877261775e-02,2.272190775346233593e+00,1.163284828188095379e-02,1.682084213491675737e-02,6.045220188308323417e-01,2.687675215588573030e-01,1.086442035169181253e+00,1.220691078869256489e-03,2.537192499670803958e-01,1.121113484066230646e-03,9.368371582031250000e+01
3.971618877471036479e-01,6.655185602947648604e-01,9.874693527398285126e-03,2.226949400641173415e+00,3.471432083704496449e-03,1.321867488956154739e-02,6.089434841498014839e-01,2.751607341638313553e-01,1.052284023775194921e+00,1.192948858978718331e-03,1.622335125272794110e-01,6.246883317081782655e-04,9.508775329589843750e+01
3.552399671224302224e-01,6.686237300478629075e-01,5.463102352382613602e-03,2.213298337256718096e+00,1.874137850964993461e-03,5.077663219559730261e-03,5.997452202692163947e-01,2.568027294198055310e-01,1.003163219107343629e+00,1.618668587118833775e-03,1.257213724453550840e-01,5.308098887570042229e-04,9.665187835693359375e+01
3.404403077244591014e-01,6.535454504096780415e-01,3.245001165589997405e-03,2.166570851676672405e+00,4.719987531103737519e-03,2.853319596985432437e-03,5.947731456013659601e-01,2.660772294974689811e-01,9.904250570381720742e-01,6.528872123752599548e-04,6.030700032784497289e-02,7.850016062760831713e-04,9.818740844726562500e+01
3.278128060122537102e-01,6.564475116204000482e-01,2.211796859514501487e-03,2.139484428572965058e+00,1.143045740292954193e-03,2.104986622271372981e-03,6.048646289117336483e-01,2.769239031404627793e-01,9.514301112978196251e-01,8.238052531952884568e-04,3.097279065952211058e-02,4.332952567483989536e-04,9.986580657958984375e+01
2.963988306169433873e-01,6.468899471672119317e-01,2.108142321192765442e-03,2.087180587151862721e+00,1.174983645150424506e-03,1.864943820901149123e-03,5.902037708382243952e-01,2.610546383119546898e-01,9.488531047821346931e-01,1.508413363969247868e-03,2.042751445877730512e-02,6.199242756541417610e-04,1.015554962158203125e+02
2.656085158475919306e-01,6.465793813603043505e-01,2.854421868626631775e-03,2.080621273112874370e+00,1.181008302238812204e-03,1.860139893189740289e-03,6.038140707177431787e-01,2.698576821199015208e-01,9.278040707028685219e-01,1.300512577193519304e-03,7.291031307367273895e-03,5.388182917881493509e-04,1.035326538085937500e+02
2.583644791061820989e-01,6.441605239768392055e-01,1.937557205252718375e-03,2.052446696206410071e+00,1.240519949097069856e-03,1.904054967886023358e-03,5.902249370857884925e-01,2.640653723545737241e-01,8.805200780073756395e-01,1.288948924965229673e-03,4.201209505955491932e-03,4.579652464486183051e-04,1.054421920776367188e+02
2.187861173602022036e-01,6.413305949024040720e-01,-1.722555085960271199e-04,1.977639503858604320e+00,5.288675434655671758e-04,5.410331268994383403e-04,5.924084029780684046e-01,2.550018640878524145e-01,8.733235482937709016e-01,1.158310819286893388e-03,6.185858425647679237e-03,5.494097892291271990e-04,1.074108428955078125e+02
2.114694086161207631e-01,6.296237943688018923e-01,1.038124928944699236e-03,1.931259969556016642e+00,6.291267616625702882e-04,8.547224196789213147e-04,5.878801855255795239e-01,2.437891271700898255e-01,8.413275195341636259e-01,4.147764232989544831e-04,3.341977417206129335e-03,4.177572701399476750e-04,1.095223236083984375e+02
2.026617306406827135e-01,6.109336917713834580e-01,1.147200402385148551e-03,1.944519246066315654e+00,8.845677785419167561e-04,8.072902355498753988e-04,5.866945794444993201e-01,2.486628575185280132e-01,8.352020755351798886e-01,9.128642012877002596e-04,2.445128229073829755e-03,5.976330058085880690e-04,1.117949371337890625e+02
1.530053737804659419e-01,6.050263342586502668e-01,1.116103173123989770e-03,1.896769027553714793e+00,4.669684127447020286e-04,5.510789747893750715e-04,5.744216446833618761e-01,2.386955914722903027e-01,7.985317794241386657e-01,5.632553064286685996e-04,1.736420984802763013e-03,7.545590778604559538e-04,1.139053649902343750e+02
1.387245701420415922e-01,6.038882793646451752e-01,1.226385691037803777e-03,1.874816228602990797e+00,3.902722518799667467e-04,9.168795451866891977e-04,5.820682978431337418e-01,2.309085098457413221e-01,7.701912025247990012e-01,1.017306374103855906e-03,1.807671408625570290e-03,5.611514095589137689e-04,1.160305252075195312e+02
1.233919750060823717e-01,6.143937065270641540e-01,1.408980960664688422e-03,1.816386484357650044e+00,5.392286089805069672e-04,2.901158336699498287e-04,5.502075948589526533e-01,2.247458376782225653e-01,7.574969723597858584e-01,1.166263813656841404e-03,2.491353276927383772e-03,4.774710085980876108e-04,1.182113494873046875e+02
7.836855250553682872e-02,5.982051059404115412e-01,4.234405550382557785e-04,1.809196137902222556e+00,4.367610919319776298e-04,9.050561366237894331e-04,5.702935609342996148e-01,2.110721594005357804e-01,7.521140191959596599e-01,7.937151298858356610e-04,1.706987426753697138e-03,4.241159842940235396e-04,1.207438583374023438e+02
4.543011546685015584e-02,5.876638888649343695e-01,1.954801996712726177e-03,1.758714453976359948e+00,5.147445015281420719e-04,5.996619065429020833e-04,5.548218038082841641e-01,2.138065740908674517e-01,7.453888607700746016e-01,1.066489345653652294e-03,1.184174701191355707e-03,3.810647170047498666e-04,1.234041061401367188e+02
2.924303307490616274e-02,5.659127869423867807e-01,1.064248294233732708e-03,1.691292247099326129e+00,4.999880419700243909e-04,3.728313675559300367e-04,5.580561752399759712e-01,1.836001500533072650e-01,6.831879625908858777e-01,8.092647571184363817e-04,1.352301911741069559e-03,4.558713139874937198e-04,1.258106231689453125e+02
9.814016504287193660e-03,5.485879867623325579e-01,9.393672240299349909e-04,1.662375235122732553e+00,4.594896275755167188e-04,7.150204032621936250e-04,5.549455684737764072e-01,1.704595864359318702e-01,6.558141565143852381e-01,6.718316849337463426e-04,1.364239693388912857e-03,5.926506347964602016e-04,1.279974746704101562e+02
4.589091049157259863e-03,5.331122570189374965e-01,7.733064611975436686e-04,1.621811656021528325e+00,5.725505913665932933e-04,5.784227907871673964e-04,5.325566346473361579e-01,1.191160017470313803e-01,6.526969337781445279e-01,5.700650328170860960e-04,9.498919032617079592e-04,5.162792616907505797e-04,1.306396331787109375e+02
2.287198206529425775e-03,5.039986995047435192e-01,1.156862888472765666e-03,1.553604426877884803e+00,5.366077857337967459e-04,5.857845347807413925e-04,5.174177993160717914e-01,6.450262924859623270e-02,6.449928195055172342e-01,1.280634097932144928e-03,5.997356477362804144e-04,4.852982602557608452e-04,1.328854980468750000e+02
2.836842545228302620e-03,5.077489061823358130e-01,7.407498690511020965e-04,1.501706107652412525e+00,5.666363755958089311e-04,1.006081715140342593e-03,4.991900017211597929e-01,2.334116335701216793e-02,5.943877926804697065e-01,5.094429544513540305e-04,1.199068628444089268e-03,5.203866646296531400e-04,1.352009429931640625e+02
1.598785711992957350e-03,4.934304828485317485e-01,7.060086168309665606e-04,1.446839173270507040e+00,5.111013081678351336e-04,5.550741575216943833e-04,4.878151878739493963e-01,4.352893029227194489e-03,5.790175935663406381e-01,1.214697150989172813e-03,1.265449630926496032e-03,4.841502646611999970e-04,1.376475830078125000e+02
2.317339545825543475e-03,4.469666790998352845e-01,6.667200041451748580e-04,1.419938294022996761e+00,4.935136738623951405e-04,4.774624014465673983e-04,4.516817875180277886e-01,4.092230225027102507e-03,5.361478871925705603e-01,5.886874652811683673e-04,1.503990382745510170e-03,5.496029677532580102e-04,1.400063323974609375e+02
1.336535592968135337e-03,4.120998350958103851e-01,6.100475632328268690e-04,1.331040015703497836e+00,4.820004868192096252e-04,6.743399248736928588e-04,4.369717376530425912e-01,2.170248845130782686e-03,4.741798473598999863e-01,1.143967133750133439e-03,1.238912563069886506e-03,5.340905736826002080e-04,1.422489166259765625e+02
5.964663933626201779e-04,3.644422100133464792e-01,1.180071034192265323e-03,1.207589960308986798e+00,4.461156384285562440e-04,4.035774435726252607e-04,3.843690993505796127e-01,1.057471132729596343e-03,4.809654929028345793e-01,5.991205037697650221e-04,1.421186002153029771e-03,3.804722579490251214e-04,1.450086212158203125e+02
2.454832917246628152e-03,3.215987753559969020e-01,9.223441048127032933e-04,1.072773549466602638e+00,5.143764001475934280e-04,7.025881360550470869e-04,2.702594161140341456e-01,2.444047720076598582e-03,4.411095374690263693e-01,1.166303402152195703e-03,4.840671277325925954e-04,4.045528266441784817e-04,1.466163940429687500e+02
5.745642966637908196e-04,2.566200205172348703e-01,7.438487584056400169e-04,9.523686344868028675e-01,5.077493400535203292e-04,5.755040907206891102e-04,7.849372249169586646e-02,2.272033859402323953e-04,3.761501849352634208e-01,1.182868177752429209e-03,1.107964620515268419e-03,4.738151618328132527e-04,1.476949157714843750e+02
3.160866611971333766e-04,1.955836064610740332e-01,5.510277974907501356e-04,9.591762455839292212e-01,5.025449736423453009e-04,6.312135445159465898e-04,1.705265352640810209e-02,1.229978700499606949e-03,3.721586641832722586e-01,2.012159699643262939e-03,1.162488527305073236e-03,4.191604822243275995e-04,1.492495422363281250e+02
9.229656674097936470e-04,9.676436294821341710e-02,1.331202914430613992e-03,9.214195422448785422e-01,4.639398479503765993e-04,5.259358575869480142e-04,2.059551870620944872e-03,8.732632405953107005e-04,3.304480895803124096e-01,1.699984469132031703e-03,6.647254615790758672e-04,5.282963319296580607e-04,1.508310241699218750e+02
6.000492539242704591e-04,5.884380766825945963e-02,8.015758976749819912e-04,8.774042624416582559e-01,5.629848002825605865e-04,6.521698814771476451e-04,2.936541268565239469e-03,6.816786713957444623e-04,2.912087979044354347e-01,1.478841517319160869e-03,8.096892955219872449e-04,5.127816280686834554e-04,1.526482238769531250e+02
1.113925514339132467e-03,3.332530646103982336e-02,2.683721733908084502e-04,8.164711305839269517e-01,4.652476782644801296e-04,2.548677760952597110e-04,1.116097398064152309e-03,6.312706539883732948e-04,2.630983966208505498e-01,6.998289878123760540e-04,6.944123462543223520e-04,5.094691309560280554e-04,1.540041503906250000e+02
5.481422013132044397e-04,1.427449914071197111e-02,4.029397713644883414e-04,8.126731085907026308e-01,4.452630485107105809e-04,4.926283733017315951e-04,1.406060415755707848e-03,9.336927712448602574e-04,2.253548819290203120e-01,9.673455217362318974e-04,4.073264910524654640e-04,4.910451911557574137e-04,1.553445281982421875e+02
9.585019709951190028e-04,2.538854080591906957e-03,4.273515611613167096e-04,7.457194810261184026e-01,5.135571051716023190e-04,6.329211259048977750e-04,7.058531517609782343e-04,5.612080314817905879e-04,1.954118948674145595e-01,1.400698027163003751e-03,1.140065010037569736e-03,5.160522069963456538e-04,1.570836486816406250e+02
3.431979059985653963e-04,1.779739100236693312e-03,6.560091014342194632e-04,7.336435266204532901e-01,4.707195962134461576e-04,3.890159545043302180e-04,5.477787136335235440e-04,6.297145930092822724e-04,1.437336602605565339e-01,3.185112099134551622e-04,2.687661787686793655e-04,5.029556675613558285e-04,1.585897827148437500e+02
7.382545996911554949e-04,2.886354136291856970e-03,1.872935976276022098e-03,7.174722268937524516e-01,4.992999464018517755e-04,4.260648370152761324e-04,5.156516646415042681e-04,5.893750234978526988e-04,1.033006267467239114e-01,2.548411571253226572e-03,4.554856140010212439e-04,5.082958650014961829e-04,1.597009887695312500e+02
8.723135811076317353e-04,1.466030147642311465e-03,1.169885622380523269e-03,6.833183019863076080e-01,5.103622721536869465e-04,6.051177675978008192e-04,5.140626011041769848e-04,2.983052016130273909e-04,6.134702575407326164e-02,3.753243298784751138e-03,7.723121590374287760e-04,4.936463057684904255e-04,1.613161773681640625e+02
9.599781081534893143e-04,4.810629766653966516e-04,5.869283447529579680e-04,6.653453323486443471e-01,4.593995149852111428e-04,5.143281777101652540e-04,2.807461853217707451e-04,6.158007258152971937e-04,3.716897911404330734e-02,5.754705573502859502e-04,4.963205791159897191e-04,5.106121731532304924e-04,1.628554077148437500e+02
8.304300490014761109e-04,7.778957759296276434e-04,5.494411413440858632e-04,6.195935473938871674e-01,4.595991815142117442e-04,5.061539507755433284e-04,5.577727976463629127e-04,4.333001862994743437e-04,1.208510595976728524e-02,2.414206672012140717e-03,6.407537158405563014e-04,4.771931959113522416e-04,1.641559753417968750e+02
4.105523620383109062e-04,7.673563394732163187e-04,4.697205824418086186e-04,6.002043818497803107e-01,4.501184289555006253e-04,5.263060967534284422e-04,5.162842942247454709e-04,6.310629538293182055e-04,7.244021495300703023e-03,2.448167155048845082e-03,5.308230265429887641e-04,5.210060299085780746e-04,1.654643859863281250e+02
4.401262980780419522e-04,1.024128238572475161e-03,7.852467356622270687e-04,5.615628113842607849e-01,5.206694880005702632e-04,4.677580674633723752e-04,5.606417581839723795e-04,5.764403317665228949e-04,2.286098778657162049e-03,2.190315541980869009e-03,5.114379581970639058e-04,4.737675442406133431e-04,1.670583953857421875e+02
5.680308026940935609e-04,6.000384311621583889e-04,5.629320039049238392e-04,5.293694252468970074e-01,4.885198239133129849e-04,4.567951445402842754e-04,4.593930345007118552e-04,4.615734735784116278e-04,7.592923605040586329e-04,2.388914484809882572e-03,5.492723030758634058e-04,4.897563117137643295e-04,1.684714355468750000e+02
3.030973536612519784e-04,8.511710411485619472e-04,7.445335310177401099e-04,4.726507128421929549e-01,4.885198239133138522e-04,5.242075975319470489e-04,4.680244885229929903e-04,5.597283037460503438e-04,4.392866399784372644e-04,2.407874405159313169e-03,4.758867964232071316e-04,5.092068407757547937e-04,1.696867218017578125e+02
6.477935516175084216e-04,1.050485870993923994e-03,7.626178176695970088e-04,4.371418803835116496e-01,4.885198239133155870e-04,4.814276161786678059e-04,4.968093210091650705e-04,5.297120059745591717e-04,9.742808326792973695e-04,8.908588042145621465e-04,5.377593829116968831e-04,4.942934708800061352e-04,1.712779541015625000e+02
8.338293965624295027e-04,1.089091024371757798e-03,6.321092471113173589e-04,4.233829047023537351e-01,4.885198239133146112e-04,4.959303391268251497e-04,4.629197668621231232e-04,5.998792805405397943e-04,8.799083447335539782e-04,1.561459092990374149e-03,4.458187204263256440e-04,4.872655142381574454e-04,1.728544158935546875e+02
5.714527969482668902e-04,5.312256499006444465e-04,7.515130937012996348e-04,3.750753158489411598e-01,4.885198239133151533e-04,4.692834340885213397e-04,4.642049603044597203e-04,5.757349268639469757e-04,6.271838016529951952e-04,1.095790889673929278e-03,7.377446533162349083e-04,4.786420719023096160e-04,1.739898376464843750e+02
4.100395454790995071e-04,1.010200895745138813e-03,5.680968736402893741e-04,3.339885725695895813e-01,4.885198239133129849e-04,4.745928972000151543e-04,5.292480826501823376e-04,4.211678126891065638e-04,9.945862825037890195e-04,1.263289576823898881e-03,6.641056491635669891e-04,4.937863018545133546e-04,1.752337341308593750e+02
2.489643285225724917e-04,6.026668736127911230e-04,6.164523304288344399e-04,3.114052931172597849e-01,4.885198239133145028e-04,4.589626264547543239e-04,4.957997587074368297e-04,6.847643564669254543e-04,7.643186316594753182e-04,7.239754364206090354e-04,3.188385624634978684e-04,4.848932553549478741e-04,1.763526611328125000e+02
6.189284359838886744e-04,6.273264440201575462e-04,5.023173604837036059e-04,2.722233200370850481e-01,4.885198239133129849e-04,4.995040741346279140e-04,4.850025274706582456e-04,4.697480462744812383e-04,7.378954667392732293e-04,6.123793552253077458e-04,6.411058032610900169e-04,4.800527230363263041e-04,1.774401855468750000e+02
4.693456246636553558e-04,5.496803088914186102e-04,3.529899596874795003e-04,2.239326098999674386e-01,4.885198239133127680e-04,4.940889288747265422e-04,5.104578628016032430e-04,4.889536856016056315e-04,5.976278466274737369e-04,7.381354035989134109e-04,5.023868229471898424e-04,4.840827730728655882e-04,1.786792144775390625e+02
5.049373303135145036e-04,5.875789913440721034e-04,4.372813565780638186e-04,1.985077192695161585e-01,4.885198239133161291e-04,5.064706760440930693e-04,4.690152656666960883e-04,5.601673033636933021e-04,5.126755520013695066e-04,6.476693321187869216e-04,4.730286180379697177e-04,4.858913047342118367e-04,1.796821289062500000e+02
5.746661582267638749e-04,5.524347570318643638e-04,5.098428879534861726e-04,1.599831701478288126e-01,4.885198239133149364e-04,4.907954365089561843e-04,5.213031538321477370e-04,4.809371173635304270e-04,7.884133598603704132e-04,6.998574157597544417e-04,5.650107790364182871e-04,4.829606326221129496e-04,1.805594940185546875e+02
5.543060423660008595e-04,5.888176825846520466e-04,5.103092886384378267e-04,1.223603284551924020e-01,4.885198239133154785e-04,4.940551027774389833e-04,4.937602070993929622e-04,5.258762947640527839e-04,4.235596755945808772e-04,8.353808869818676614e-04,5.087515536681804168e-04,4.917508768652323337e-04,1.813829345703125000e+02
5.037492119794575920e-04,4.513372980052813188e-04,5.685135227661097888e-04,8.949029570302424741e-02,4.885198239133135270e-04,4.913584918461166851e-04,4.858954168749698966e-04,4.519488848797116902e-04,3.739868961209217506e-04,4.980640898486226762e-04,5.638841279141994798e-04,4.897517588083958586e-04,1.816742706298828125e+02
4.706042877106905134e-04,5.680571845486093174e-04,4.763484857728645609e-04,5.423485638137069687e-02,4.885198239133125512e-04,4.982256009737873713e-04,4.837056395137860751e-04,4.815456042419923228e-04,4.943882893275129134e-04,6.152822267507611614e-04,4.155128764109214173e-04,4.904562764323933685e-04,1.823320617675781250e+02
4.935838274170718364e-04,5.930902442634152687e-04,4.927570357649914716e-04,2.209855218650666822e-02,4.885198239133141775e-04,4.898916522031347091e-04,4.908467376430461146e-04,5.244953778710451488e-04,6.195592232786469771e-04,5.532750933172670988e-04,4.474798363977729025e-04,4.933502086377491514e-04,1.826306457519531250e+02
5.127357269097505485e-04,5.233458452336228230e-04,5.171242671476235665e-04,7.733041610165929461e-03,4.885198239133110333e-04,4.931882041653162536e-04,4.859881264855971930e-04,5.132272606087256777e-04,4.848519882286971266e-04,4.790065217240381860e-04,6.322301899351749112e-04,4.863820057801302734e-04,1.826955108642578125e+02
5.783485546518967986e-04,5.300499264909355052e-04,4.897197590728344331e-04,2.348749796204301511e-03,4.885198239133168880e-04,4.918027255228440107e-04,4.886878494808859349e-04,5.030084349481416233e-04,5.391524661094845502e-04,5.550176542942678428e-04,5.420274081702211935e-04,4.882490319749064537e-04,1.827307586669921875e+02
4.535857897762590957e-04,5.719315552700450283e-04,5.151900557707080443e-04,3.146559951626669988e-03,4.885198239133137438e-04,4.817743425402616435e-04,4.906120089679659891e-04,4.842845872377878839e-04,5.572209779224866766e-04,5.180813992568139049e-04,5.001132535894577558e-04,4.865976811893046330e-04,1.826579437255859375e+02
4.345772432758665841e-04,5.543737010168480178e-04,5.573606179325883616e-04,1.515688445945508230e-03,4.885198239133151533e-04,4.890981626419925237e-04,4.992865740909681674e-04,4.993168361379047649e-04,5.359058648647431217e-04,5.301960077510593740e-04,5.343399954240370293e-04,4.876022352714718582e-04,1.826895599365234375e+02
4.721856312672910103e-04,4.656309798640482166e-04,4.247702383547145876e-04,2.009016676374529055e-03,4.885198239133130933e-04,4.854979285187956410e-04,5.008842521941018078e-04,4.818611441472118941e-04,6.700767685318675124e-04,4.098307932818479504e-04,4.916645541423490329e-04,4.933165185780285459e-04,1.827302703857421875e+02
